File,n_cell,time,condition
CoV-FISH-06B_R1_24h_MOCK_00001,43,24h,Mock
CoV-FISH-06B_R1_24h_MOCK_00002,48,24h,Mock
CoV-FISH-06B_R1_24h_MOCK_00003,45,24h,Mock
CoV-FISH-06B_R1_24h_MOCK_00004,32,24h,Mock
CoV-FISH-06B_R1_24h_MOCK_00005,45,24h,Mock
CoV-FISH-06B_R2_24h_MOCK_00001,40,24h,Mock
CoV-FISH-06B_R2_24h_MOCK_00002,40,24h,Mock
CoV-FISH-06B_R2_24h_MOCK_00003,41,24h,Mock
CoV-FISH-06B_R2_24h_MOCK_00004,39,24h,Mock
CoV-FISH-06B_R2_24h_MOCK_00005,45,24h,Mock
CoV-FISH-06B_R1_26h_MOCK_00001,29,26h,Mock
CoV-FISH-06B_R1_26h_MOCK_00002,36,26h,Mock
CoV-FISH-06B_R1_26h_MOCK_00003,26,26h,Mock
CoV-FISH-06B_R1_26h_MOCK_00004,39,26h,Mock
CoV-FISH-06B_R1_26h_MOCK_00005,22,26h,Mock
CoV-FISH-06B_R2_26h_MOCK_00001,43,26h,Mock
CoV-FISH-06B_R2_26h_MOCK_00002,39,26h,Mock
CoV-FISH-06B_R2_26h_MOCK_00003,31,26h,Mock
CoV-FISH-06B_R2_26h_MOCK_00004,40,26h,Mock
CoV-FISH-06B_R2_26h_MOCK_00005,28,26h,Mock
CoV-FISH-06B_R2_26h_MOCK_00006,40,26h,Mock
CoV-FISH-06B_R1_28h_MOCK_00001,55,28h,Mock
CoV-FISH-06B_R1_28h_MOCK_00002,31,28h,Mock
CoV-FISH-06B_R1_28h_MOCK_00003,34,28h,Mock
CoV-FISH-06B_R1_28h_MOCK_00004,37,28h,Mock
CoV-FISH-06B_R1_28h_MOCK_00005,50,28h,Mock
CoV-FISH-06B_R2_28h_MOCK_00001,31,28h,Mock
CoV-FISH-06B_R2_28h_MOCK_00002,39,28h,Mock
CoV-FISH-06B_R2_28h_MOCK_00003,43,28h,Mock
CoV-FISH-06B_R2_28h_MOCK_00004,53,28h,Mock
CoV-FISH-06B_R2_28h_MOCK_00005,51,28h,Mock
CoV-FISH-06B_R1_32h_MOCK_00001,56,32h,Mock
CoV-FISH-06B_R1_32h_MOCK_00002,38,32h,Mock
CoV-FISH-06B_R1_32h_MOCK_00003,29,32h,Mock
CoV-FISH-06B_R1_32h_MOCK_00004,44,32h,Mock
CoV-FISH-06B_R1_32h_MOCK_00005,32,32h,Mock
CoV-FISH-06B_R2_32h_MOCK_00001,42,32h,Mock
CoV-FISH-06B_R2_32h_MOCK_00002,36,32h,Mock
CoV-FISH-06B_R2_32h_MOCK_00003,40,32h,Mock
CoV-FISH-06B_R2_32h_MOCK_00004,44,32h,Mock
CoV-FISH-06B_R2_32h_MOCK_00005,47,32h,Mock
CoV-FISH-06B_R1_48h_MOCK_00001,39,48h,Mock
CoV-FISH-06B_R1_48h_MOCK_00002,55,48h,Mock
CoV-FISH-06B_R1_48h_MOCK_00003,42,48h,Mock
CoV-FISH-06B_R1_48h_MOCK_00004,37,48h,Mock
CoV-FISH-06B_R1_48h_MOCK_00005,57,48h,Mock
CoV-FISH-06B_R2_48h_MOCK_00001,35,48h,Mock
CoV-FISH-06B_R2_48h_MOCK_00002,47,48h,Mock
CoV-FISH-06B_R2_48h_MOCK_00003,29,48h,Mock
CoV-FISH-06B_R2_48h_MOCK_00004,53,48h,Mock
CoV-FISH-06B_R2_48h_MOCK_00005,43,48h,Mock
CoV-FISH-06B_R1_24h_RDV_00001,43,24h,RDV
CoV-FISH-06B_R1_24h_RDV_00002,36,24h,RDV
CoV-FISH-06B_R1_24h_RDV_00003,25,24h,RDV
CoV-FISH-06B_R1_24h_RDV_00004,25,24h,RDV
CoV-FISH-06B_R1_24h_RDV_00005,39,24h,RDV
CoV-FISH-06B_R1_24h_RDV_00006,29,24h,RDV
CoV-FISH-06B_R1_24h_RDV_00007,40,24h,RDV
CoV-FISH-06B_R1_24h_RDV_00008,32,24h,RDV
CoV-FISH-06B_R1_24h_RDV_00009,38,24h,RDV
CoV-FISH-06B_R1_24h_RDV_00010,46,24h,RDV
CoV-FISH-06B_R1_24h_RDV_00011,38,24h,RDV
CoV-FISH-06B_R1_24h_RDV_00012,24,24h,RDV
CoV-FISH-06B_R1_24h_RDV_00013,27,24h,RDV
CoV-FISH-06B_R1_24h_RDV_00014,47,24h,RDV
CoV-FISH-06B_R1_24h_RDV_00015,47,24h,RDV
CoV-FISH-06B_R1_24h_RDV_00016,31,24h,RDV
CoV-FISH-06B_R1_24h_RDV_00017,30,24h,RDV
CoV-FISH-06B_R1_24h_RDV_00018,46,24h,RDV
CoV-FISH-06B_R1_24h_RDV_00019,43,24h,RDV
CoV-FISH-06B_R1_24h_RDV_00020,37,24h,RDV
CoV-FISH-06B_R2_24h_RDV_00001,36,24h,RDV
CoV-FISH-06B_R2_24h_RDV_00002,54,24h,RDV
CoV-FISH-06B_R2_24h_RDV_00003,29,24h,RDV
CoV-FISH-06B_R2_24h_RDV_00004,36,24h,RDV
CoV-FISH-06B_R2_24h_RDV_00005,50,24h,RDV
CoV-FISH-06B_R2_24h_RDV_00006,42,24h,RDV
CoV-FISH-06B_R2_24h_RDV_00007,48,24h,RDV
CoV-FISH-06B_R2_24h_RDV_00008,53,24h,RDV
CoV-FISH-06B_R2_24h_RDV_00009,29,24h,RDV
CoV-FISH-06B_R2_24h_RDV_00010,44,24h,RDV
CoV-FISH-06B_R2_24h_RDV_00011,60,24h,RDV
CoV-FISH-06B_R2_24h_RDV_00012,32,24h,RDV
CoV-FISH-06B_R2_24h_RDV_00013,49,24h,RDV
CoV-FISH-06B_R2_24h_RDV_00014,32,24h,RDV
CoV-FISH-06B_R2_24h_RDV_00015,36,24h,RDV
CoV-FISH-06B_R2_24h_RDV_00016,24,24h,RDV
CoV-FISH-06B_R2_24h_RDV_00017,23,24h,RDV
CoV-FISH-06B_R2_24h_RDV_00018,23,24h,RDV
CoV-FISH-06B_R2_24h_RDV_00019,33,24h,RDV
CoV-FISH-06B_R2_24h_RDV_00020,23,24h,RDV
CoV-FISH-06B_R1_26h_RDV_00001,31,26h,RDV
CoV-FISH-06B_R1_26h_RDV_00002,28,26h,RDV
CoV-FISH-06B_R1_26h_RDV_00003,33,26h,RDV
CoV-FISH-06B_R1_26h_RDV_00004,30,26h,RDV
CoV-FISH-06B_R1_26h_RDV_00005,23,26h,RDV
CoV-FISH-06B_R1_26h_RDV_00006,25,26h,RDV
CoV-FISH-06B_R1_26h_RDV_00007,21,26h,RDV
CoV-FISH-06B_R1_26h_RDV_00008,20,26h,RDV
CoV-FISH-06B_R1_26h_RDV_00009,23,26h,RDV
CoV-FISH-06B_R1_26h_RDV_00010,22,26h,RDV
CoV-FISH-06B_R1_26h_RDV_00011,22,26h,RDV
CoV-FISH-06B_R1_26h_RDV_00012,32,26h,RDV
CoV-FISH-06B_R1_26h_RDV_00013,37,26h,RDV
CoV-FISH-06B_R1_26h_RDV_00014,25,26h,RDV
CoV-FISH-06B_R1_26h_RDV_00015,24,26h,RDV
CoV-FISH-06B_R1_26h_RDV_00016,23,26h,RDV
CoV-FISH-06B_R1_26h_RDV_00017,22,26h,RDV
CoV-FISH-06B_R1_26h_RDV_00018,18,26h,RDV
CoV-FISH-06B_R1_26h_RDV_00019,21,26h,RDV
CoV-FISH-06B_R1_26h_RDV_00020,27,26h,RDV
CoV-FISH-06B_R2_26h_RDV_00001,29,26h,RDV
CoV-FISH-06B_R2_26h_RDV_00002,32,26h,RDV
CoV-FISH-06B_R2_26h_RDV_00003,40,26h,RDV
CoV-FISH-06B_R2_26h_RDV_00004,44,26h,RDV
CoV-FISH-06B_R2_26h_RDV_00005,40,26h,RDV
CoV-FISH-06B_R2_26h_RDV_00006,30,26h,RDV
CoV-FISH-06B_R2_26h_RDV_00007,28,26h,RDV
CoV-FISH-06B_R2_26h_RDV_00008,44,26h,RDV
CoV-FISH-06B_R2_26h_RDV_00009,54,26h,RDV
CoV-FISH-06B_R2_26h_RDV_00010,37,26h,RDV
CoV-FISH-06B_R2_26h_RDV_00011,23,26h,RDV
CoV-FISH-06B_R2_26h_RDV_00012,19,26h,RDV
CoV-FISH-06B_R2_26h_RDV_00013,29,26h,RDV
CoV-FISH-06B_R2_26h_RDV_00014,18,26h,RDV
CoV-FISH-06B_R2_26h_RDV_00015,20,26h,RDV
CoV-FISH-06B_R2_26h_RDV_00016,18,26h,RDV
CoV-FISH-06B_R2_26h_RDV_00017,21,26h,RDV
CoV-FISH-06B_R2_26h_RDV_00018,21,26h,RDV
CoV-FISH-06B_R2_26h_RDV_00019,34,26h,RDV
CoV-FISH-06B_R2_26h_RDV_00020,27,26h,RDV
CoV-FISH-06B_R1_28h_RDV_00001,25,28h,RDV
CoV-FISH-06B_R1_28h_RDV_00002,28,28h,RDV
CoV-FISH-06B_R1_28h_RDV_00003,26,28h,RDV
CoV-FISH-06B_R1_28h_RDV_00004,38,28h,RDV
CoV-FISH-06B_R1_28h_RDV_00005,45,28h,RDV
CoV-FISH-06B_R1_28h_RDV_00006,33,28h,RDV
CoV-FISH-06B_R1_28h_RDV_00007,25,28h,RDV
CoV-FISH-06B_R1_28h_RDV_00008,35,28h,RDV
CoV-FISH-06B_R1_28h_RDV_00009,40,28h,RDV
CoV-FISH-06B_R1_28h_RDV_00010,43,28h,RDV
CoV-FISH-06B_R1_28h_RDV_00011,41,28h,RDV
CoV-FISH-06B_R1_28h_RDV_00012,15,28h,RDV
CoV-FISH-06B_R1_28h_RDV_00013,43,28h,RDV
CoV-FISH-06B_R1_28h_RDV_00014,35,28h,RDV
CoV-FISH-06B_R1_28h_RDV_00015,48,28h,RDV
CoV-FISH-06B_R1_28h_RDV_00016,25,28h,RDV
CoV-FISH-06B_R1_28h_RDV_00017,18,28h,RDV
CoV-FISH-06B_R1_28h_RDV_00018,20,28h,RDV
CoV-FISH-06B_R1_28h_RDV_00019,16,28h,RDV
CoV-FISH-06B_R1_28h_RDV_00020,14,28h,RDV
CoV-FISH-06B_R2_28h_RDV_00001,28,28h,RDV
CoV-FISH-06B_R2_28h_RDV_00002,35,28h,RDV
CoV-FISH-06B_R2_28h_RDV_00003,42,28h,RDV
CoV-FISH-06B_R2_28h_RDV_00004,20,28h,RDV
CoV-FISH-06B_R2_28h_RDV_00005,32,28h,RDV
CoV-FISH-06B_R2_28h_RDV_00006,26,28h,RDV
CoV-FISH-06B_R2_28h_RDV_00007,30,28h,RDV
CoV-FISH-06B_R2_28h_RDV_00008,21,28h,RDV
CoV-FISH-06B_R2_28h_RDV_00009,13,28h,RDV
CoV-FISH-06B_R2_28h_RDV_00010,15,28h,RDV
CoV-FISH-06B_R2_28h_RDV_00011,13,28h,RDV
CoV-FISH-06B_R2_28h_RDV_00012,15,28h,RDV
CoV-FISH-06B_R2_28h_RDV_00013,13,28h,RDV
CoV-FISH-06B_R2_28h_RDV_00014,19,28h,RDV
CoV-FISH-06B_R2_28h_RDV_00015,26,28h,RDV
CoV-FISH-06B_R2_28h_RDV_00016,23,28h,RDV
CoV-FISH-06B_R2_28h_RDV_00017,18,28h,RDV
CoV-FISH-06B_R2_28h_RDV_00018,21,28h,RDV
CoV-FISH-06B_R2_28h_RDV_00019,15,28h,RDV
CoV-FISH-06B_R2_28h_RDV_00020,14,28h,RDV
CoV-FISH-06B_R1_32h_RDV_00001,20,32h,RDV
CoV-FISH-06B_R1_32h_RDV_00002,42,32h,RDV
CoV-FISH-06B_R1_32h_RDV_00003,49,32h,RDV
CoV-FISH-06B_R1_32h_RDV_00004,39,32h,RDV
CoV-FISH-06B_R1_32h_RDV_00005,25,32h,RDV
CoV-FISH-06B_R1_32h_RDV_00006,35,32h,RDV
CoV-FISH-06B_R1_32h_RDV_00007,36,32h,RDV
CoV-FISH-06B_R1_32h_RDV_00008,29,32h,RDV
CoV-FISH-06B_R1_32h_RDV_00009,15,32h,RDV
CoV-FISH-06B_R1_32h_RDV_00010,30,32h,RDV
CoV-FISH-06B_R1_32h_RDV_00011,22,32h,RDV
CoV-FISH-06B_R1_32h_RDV_00012,21,32h,RDV
CoV-FISH-06B_R1_32h_RDV_00013,19,32h,RDV
CoV-FISH-06B_R1_32h_RDV_00014,21,32h,RDV
CoV-FISH-06B_R1_32h_RDV_00015,18,32h,RDV
CoV-FISH-06B_R1_32h_RDV_00016,17,32h,RDV
CoV-FISH-06B_R1_32h_RDV_00017,18,32h,RDV
CoV-FISH-06B_R1_32h_RDV_00018,12,32h,RDV
CoV-FISH-06B_R1_32h_RDV_00019,13,32h,RDV
CoV-FISH-06B_R1_32h_RDV_00020,12,32h,RDV
CoV-FISH-06B_R2_32h_RDV_00001,21,32h,RDV
CoV-FISH-06B_R2_32h_RDV_00002,20,32h,RDV
CoV-FISH-06B_R2_32h_RDV_00003,17,32h,RDV
CoV-FISH-06B_R2_32h_RDV_00004,17,32h,RDV
CoV-FISH-06B_R2_32h_RDV_00005,23,32h,RDV
CoV-FISH-06B_R2_32h_RDV_00006,17,32h,RDV
CoV-FISH-06B_R2_32h_RDV_00007,20,32h,RDV
CoV-FISH-06B_R2_32h_RDV_00008,13,32h,RDV
CoV-FISH-06B_R2_32h_RDV_00009,21,32h,RDV
CoV-FISH-06B_R2_32h_RDV_00010,18,32h,RDV
CoV-FISH-06B_R2_32h_RDV_00011,23,32h,RDV
CoV-FISH-06B_R2_32h_RDV_00012,19,32h,RDV
CoV-FISH-06B_R2_32h_RDV_00013,16,32h,RDV
CoV-FISH-06B_R2_32h_RDV_00014,20,32h,RDV
CoV-FISH-06B_R2_32h_RDV_00015,13,32h,RDV
CoV-FISH-06B_R2_32h_RDV_00016,19,32h,RDV
CoV-FISH-06B_R2_32h_RDV_00017,17,32h,RDV
CoV-FISH-06B_R2_32h_RDV_00018,17,32h,RDV
CoV-FISH-06B_R2_32h_RDV_00019,16,32h,RDV
CoV-FISH-06B_R2_32h_RDV_00020,22,32h,RDV
CoV-FISH-06B_R1_48h_RDV_00001,31,48h,RDV
CoV-FISH-06B_R1_48h_RDV_00002,40,48h,RDV
CoV-FISH-06B_R1_48h_RDV_00003,48,48h,RDV
CoV-FISH-06B_R1_48h_RDV_00004,34,48h,RDV
CoV-FISH-06B_R1_48h_RDV_00005,37,48h,RDV
CoV-FISH-06B_R1_48h_RDV_00006,44,48h,RDV
CoV-FISH-06B_R1_48h_RDV_00007,30,48h,RDV
CoV-FISH-06B_R1_48h_RDV_00008,16,48h,RDV
CoV-FISH-06B_R1_48h_RDV_00009,37,48h,RDV
CoV-FISH-06B_R1_48h_RDV_00010,53,48h,RDV
CoV-FISH-06B_R1_48h_RDV_00011,22,48h,RDV
CoV-FISH-06B_R1_48h_RDV_00012,48,48h,RDV
CoV-FISH-06B_R1_48h_RDV_00013,36,48h,RDV
CoV-FISH-06B_R1_48h_RDV_00014,33,48h,RDV
CoV-FISH-06B_R1_48h_RDV_00015,35,48h,RDV
CoV-FISH-06B_R1_48h_RDV_00016,28,48h,RDV
CoV-FISH-06B_R1_48h_RDV_00017,33,48h,RDV
CoV-FISH-06B_R1_48h_RDV_00018,24,48h,RDV
CoV-FISH-06B_R1_48h_RDV_00019,20,48h,RDV
CoV-FISH-06B_R1_48h_RDV_00020,13,48h,RDV
CoV-FISH-06B_R2_48h_RDV_00001,36,48h,RDV
CoV-FISH-06B_R2_48h_RDV_00002,24,48h,RDV
CoV-FISH-06B_R2_48h_RDV_00003,26,48h,RDV
CoV-FISH-06B_R2_48h_RDV_00004,19,48h,RDV
CoV-FISH-06B_R2_48h_RDV_00005,33,48h,RDV
CoV-FISH-06B_R2_48h_RDV_00006,34,48h,RDV
CoV-FISH-06B_R2_48h_RDV_00007,39,48h,RDV
CoV-FISH-06B_R2_48h_RDV_00008,38,48h,RDV
CoV-FISH-06B_R2_48h_RDV_00009,36,48h,RDV
CoV-FISH-06B_R2_48h_RDV_00010,20,48h,RDV
CoV-FISH-06B_R2_48h_RDV_00011,45,48h,RDV
CoV-FISH-06B_R2_48h_RDV_00012,32,48h,RDV
CoV-FISH-06B_R2_48h_RDV_00013,27,48h,RDV
CoV-FISH-06B_R2_48h_RDV_00014,21,48h,RDV
CoV-FISH-06B_R2_48h_RDV_00015,44,48h,RDV
CoV-FISH-06B_R2_48h_RDV_00016,36,48h,RDV
CoV-FISH-06B_R2_48h_RDV_00017,31,48h,RDV
CoV-FISH-06B_R2_48h_RDV_00018,23,48h,RDV
CoV-FISH-06B_R2_48h_RDV_00019,35,48h,RDV
CoV-FISH-06B_R2_48h_RDV_00020,36,48h,RDV
CoV-FISH-06B_R1_24h_INF_00001,48,24h,Untreated
CoV-FISH-06B_R1_24h_INF_00002,39,24h,Untreated
CoV-FISH-06B_R1_24h_INF_00003,25,24h,Untreated
CoV-FISH-06B_R1_24h_INF_00004,53,24h,Untreated
CoV-FISH-06B_R1_24h_INF_00005,38,24h,Untreated
CoV-FISH-06B_R1_24h_INF_00006,33,24h,Untreated
CoV-FISH-06B_R1_24h_INF_00007,44,24h,Untreated
CoV-FISH-06B_R1_24h_INF_00008,37,24h,Untreated
CoV-FISH-06B_R1_24h_INF_00009,27,24h,Untreated
CoV-FISH-06B_R1_24h_INF_00010,38,24h,Untreated
CoV-FISH-06B_R1_24h_INF_00011,38,24h,Untreated
CoV-FISH-06B_R1_24h_INF_00012,39,24h,Untreated
CoV-FISH-06B_R1_24h_INF_00013,28,24h,Untreated
CoV-FISH-06B_R1_24h_INF_00014,30,24h,Untreated
CoV-FISH-06B_R1_24h_INF_00015,39,24h,Untreated
CoV-FISH-06B_R1_24h_INF_00016,31,24h,Untreated
CoV-FISH-06B_R1_24h_INF_00017,40,24h,Untreated
CoV-FISH-06B_R1_24h_INF_00018,35,24h,Untreated
CoV-FISH-06B_R1_24h_INF_00019,45,24h,Untreated
CoV-FISH-06B_R1_24h_INF_00020,37,24h,Untreated
CoV-FISH-06B_R2_24h_INF_00001,41,24h,Untreated
CoV-FISH-06B_R2_24h_INF_00002,36,24h,Untreated
CoV-FISH-06B_R2_24h_INF_00003,36,24h,Untreated
CoV-FISH-06B_R2_24h_INF_00004,32,24h,Untreated
CoV-FISH-06B_R2_24h_INF_00005,34,24h,Untreated
CoV-FISH-06B_R2_24h_INF_00006,37,24h,Untreated
CoV-FISH-06B_R2_24h_INF_00007,38,24h,Untreated
CoV-FISH-06B_R2_24h_INF_00008,31,24h,Untreated
CoV-FISH-06B_R2_24h_INF_00009,38,24h,Untreated
CoV-FISH-06B_R2_24h_INF_00010,25,24h,Untreated
CoV-FISH-06B_R2_24h_INF_00011,46,24h,Untreated
CoV-FISH-06B_R2_24h_INF_00012,45,24h,Untreated
CoV-FISH-06B_R2_24h_INF_00013,43,24h,Untreated
CoV-FISH-06B_R2_24h_INF_00014,38,24h,Untreated
CoV-FISH-06B_R2_24h_INF_00015,31,24h,Untreated
CoV-FISH-06B_R2_24h_INF_00016,32,24h,Untreated
CoV-FISH-06B_R2_24h_INF_00017,23,24h,Untreated
CoV-FISH-06B_R2_24h_INF_00018,27,24h,Untreated
CoV-FISH-06B_R2_24h_INF_00019,22,24h,Untreated
CoV-FISH-06B_R2_24h_INF_00020,32,24h,Untreated
CoV-FISH-06B_R1_26h_INF_00001,25,26h,Untreated
CoV-FISH-06B_R1_26h_INF_00002,29,26h,Untreated
CoV-FISH-06B_R1_26h_INF_00003,46,26h,Untreated
CoV-FISH-06B_R1_26h_INF_00004,38,26h,Untreated
CoV-FISH-06B_R1_26h_INF_00005,32,26h,Untreated
CoV-FISH-06B_R1_26h_INF_00006,22,26h,Untreated
CoV-FISH-06B_R1_26h_INF_00007,11,26h,Untreated
CoV-FISH-06B_R1_26h_INF_00008,26,26h,Untreated
CoV-FISH-06B_R1_26h_INF_00009,35,26h,Untreated
CoV-FISH-06B_R1_26h_INF_00010,23,26h,Untreated
CoV-FISH-06B_R1_26h_INF_00011,27,26h,Untreated
CoV-FISH-06B_R1_26h_INF_00012,26,26h,Untreated
CoV-FISH-06B_R1_26h_INF_00013,11,26h,Untreated
CoV-FISH-06B_R1_26h_INF_00014,24,26h,Untreated
CoV-FISH-06B_R1_26h_INF_00015,25,26h,Untreated
CoV-FISH-06B_R1_26h_INF_00016,32,26h,Untreated
CoV-FISH-06B_R1_26h_INF_00017,25,26h,Untreated
CoV-FISH-06B_R1_26h_INF_00018,15,26h,Untreated
CoV-FISH-06B_R1_26h_INF_00019,35,26h,Untreated
CoV-FISH-06B_R1_26h_INF_00020,27,26h,Untreated
CoV-FISH-06B_R2_26h_INF_00001,25,26h,Untreated
CoV-FISH-06B_R2_26h_INF_00002,20,26h,Untreated
CoV-FISH-06B_R2_26h_INF_00003,27,26h,Untreated
CoV-FISH-06B_R2_26h_INF_00004,17,26h,Untreated
CoV-FISH-06B_R2_26h_INF_00005,27,26h,Untreated
CoV-FISH-06B_R2_26h_INF_00006,18,26h,Untreated
CoV-FISH-06B_R2_26h_INF_00007,28,26h,Untreated
CoV-FISH-06B_R2_26h_INF_00008,23,26h,Untreated
CoV-FISH-06B_R2_26h_INF_00009,31,26h,Untreated
CoV-FISH-06B_R2_26h_INF_00010,27,26h,Untreated
CoV-FISH-06B_R2_26h_INF_00011,29,26h,Untreated
CoV-FISH-06B_R2_26h_INF_00012,26,26h,Untreated
CoV-FISH-06B_R2_26h_INF_00013,26,26h,Untreated
CoV-FISH-06B_R2_26h_INF_00014,21,26h,Untreated
CoV-FISH-06B_R2_26h_INF_00015,24,26h,Untreated
CoV-FISH-06B_R2_26h_INF_00016,32,26h,Untreated
CoV-FISH-06B_R2_26h_INF_00017,32,26h,Untreated
CoV-FISH-06B_R2_26h_INF_00018,28,26h,Untreated
CoV-FISH-06B_R2_26h_INF_00019,17,26h,Untreated
CoV-FISH-06B_R2_26h_INF_00020,25,26h,Untreated
CoV-FISH-06B_R1_28h_INF_00001,28,28h,Untreated
CoV-FISH-06B_R1_28h_INF_00002,20,28h,Untreated
CoV-FISH-06B_R1_28h_INF_00003,27,28h,Untreated
CoV-FISH-06B_R1_28h_INF_00004,30,28h,Untreated
CoV-FISH-06B_R1_28h_INF_00005,22,28h,Untreated
CoV-FISH-06B_R1_28h_INF_00006,22,28h,Untreated
CoV-FISH-06B_R1_28h_INF_00007,19,28h,Untreated
CoV-FISH-06B_R1_28h_INF_00008,18,28h,Untreated
CoV-FISH-06B_R1_28h_INF_00009,19,28h,Untreated
CoV-FISH-06B_R1_28h_INF_00010,12,28h,Untreated
CoV-FISH-06B_R1_28h_INF_00011,15,28h,Untreated
CoV-FISH-06B_R1_28h_INF_00012,11,28h,Untreated
CoV-FISH-06B_R1_28h_INF_00013,20,28h,Untreated
CoV-FISH-06B_R1_28h_INF_00014,19,28h,Untreated
CoV-FISH-06B_R1_28h_INF_00015,26,28h,Untreated
CoV-FISH-06B_R1_28h_INF_00016,18,28h,Untreated
CoV-FISH-06B_R1_28h_INF_00017,18,28h,Untreated
CoV-FISH-06B_R1_28h_INF_00018,22,28h,Untreated
CoV-FISH-06B_R1_28h_INF_00019,21,28h,Untreated
CoV-FISH-06B_R1_28h_INF_00020,20,28h,Untreated
CoV-FISH-06B_R2_28h_INF_00001,21,28h,Untreated
CoV-FISH-06B_R2_28h_INF_00002,23,28h,Untreated
CoV-FISH-06B_R2_28h_INF_00003,47,28h,Untreated
CoV-FISH-06B_R2_28h_INF_00004,45,28h,Untreated
CoV-FISH-06B_R2_28h_INF_00005,52,28h,Untreated
CoV-FISH-06B_R2_28h_INF_00006,58,28h,Untreated
CoV-FISH-06B_R2_28h_INF_00007,36,28h,Untreated
CoV-FISH-06B_R2_28h_INF_00008,18,28h,Untreated
CoV-FISH-06B_R2_28h_INF_00009,20,28h,Untreated
CoV-FISH-06B_R2_28h_INF_00010,38,28h,Untreated
CoV-FISH-06B_R2_28h_INF_00011,32,28h,Untreated
CoV-FISH-06B_R2_28h_INF_00012,28,28h,Untreated
CoV-FISH-06B_R2_28h_INF_00013,22,28h,Untreated
CoV-FISH-06B_R2_28h_INF_00014,25,28h,Untreated
CoV-FISH-06B_R2_28h_INF_00015,16,28h,Untreated
CoV-FISH-06B_R2_28h_INF_00016,14,28h,Untreated
CoV-FISH-06B_R2_28h_INF_00017,23,28h,Untreated
CoV-FISH-06B_R2_28h_INF_00018,33,28h,Untreated
CoV-FISH-06B_R2_28h_INF_00019,32,28h,Untreated
CoV-FISH-06B_R2_28h_INF_00020,37,28h,Untreated
CoV-FISH-06B_R1_32h_INF_00001,27,32h,Untreated
CoV-FISH-06B_R1_32h_INF_00002,17,32h,Untreated
CoV-FISH-06B_R1_32h_INF_00003,21,32h,Untreated
CoV-FISH-06B_R1_32h_INF_00004,17,32h,Untreated
CoV-FISH-06B_R1_32h_INF_00005,18,32h,Untreated
CoV-FISH-06B_R1_32h_INF_00006,24,32h,Untreated
CoV-FISH-06B_R1_32h_INF_00007,20,32h,Untreated
CoV-FISH-06B_R1_32h_INF_00008,24,32h,Untreated
CoV-FISH-06B_R1_32h_INF_00009,22,32h,Untreated
CoV-FISH-06B_R1_32h_INF_00010,27,32h,Untreated
CoV-FISH-06B_R1_32h_INF_00011,15,32h,Untreated
CoV-FISH-06B_R1_32h_INF_00012,7,32h,Untreated
CoV-FISH-06B_R1_32h_INF_00013,13,32h,Untreated
CoV-FISH-06B_R1_32h_INF_00014,10,32h,Untreated
CoV-FISH-06B_R1_32h_INF_00015,19,32h,Untreated
CoV-FISH-06B_R1_32h_INF_00016,11,32h,Untreated
CoV-FISH-06B_R1_32h_INF_00017,10,32h,Untreated
CoV-FISH-06B_R1_32h_INF_00018,15,32h,Untreated
CoV-FISH-06B_R1_32h_INF_00019,21,32h,Untreated
CoV-FISH-06B_R1_32h_INF_00020,13,32h,Untreated
CoV-FISH-06B_R2_32h_INF_00001,20,32h,Untreated
CoV-FISH-06B_R2_32h_INF_00002,11,32h,Untreated
CoV-FISH-06B_R2_32h_INF_00003,23,32h,Untreated
CoV-FISH-06B_R2_32h_INF_00004,25,32h,Untreated
CoV-FISH-06B_R2_32h_INF_00005,26,32h,Untreated
CoV-FISH-06B_R2_32h_INF_00006,26,32h,Untreated
CoV-FISH-06B_R2_32h_INF_00007,20,32h,Untreated
CoV-FISH-06B_R2_32h_INF_00008,25,32h,Untreated
CoV-FISH-06B_R2_32h_INF_00009,25,32h,Untreated
CoV-FISH-06B_R2_32h_INF_00010,23,32h,Untreated
CoV-FISH-06B_R2_32h_INF_00011,27,32h,Untreated
CoV-FISH-06B_R2_32h_INF_00012,17,32h,Untreated
CoV-FISH-06B_R2_32h_INF_00013,21,32h,Untreated
CoV-FISH-06B_R2_32h_INF_00014,26,32h,Untreated
CoV-FISH-06B_R2_32h_INF_00015,14,32h,Untreated
CoV-FISH-06B_R2_32h_INF_00016,15,32h,Untreated
CoV-FISH-06B_R2_32h_INF_00017,7,32h,Untreated
CoV-FISH-06B_R2_32h_INF_00018,15,32h,Untreated
CoV-FISH-06B_R2_32h_INF_00019,11,32h,Untreated
CoV-FISH-06B_R2_32h_INF_00020,20,32h,Untreated
CoV-FISH-06B_R1_48h_INF_00001,15,48h,Untreated
CoV-FISH-06B_R1_48h_INF_00002,24,48h,Untreated
CoV-FISH-06B_R1_48h_INF_00003,13,48h,Untreated
CoV-FISH-06B_R1_48h_INF_00004,18,48h,Untreated
CoV-FISH-06B_R1_48h_INF_00005,22,48h,Untreated
CoV-FISH-06B_R1_48h_INF_00006,27,48h,Untreated
CoV-FISH-06B_R1_48h_INF_00007,8,48h,Untreated
CoV-FISH-06B_R1_48h_INF_00008,12,48h,Untreated
CoV-FISH-06B_R1_48h_INF_00009,14,48h,Untreated
CoV-FISH-06B_R1_48h_INF_00010,14,48h,Untreated
CoV-FISH-06B_R1_48h_INF_00011,12,48h,Untreated
CoV-FISH-06B_R1_48h_INF_00012,10,48h,Untreated
CoV-FISH-06B_R1_48h_INF_00013,10,48h,Untreated
CoV-FISH-06B_R1_48h_INF_00014,18,48h,Untreated
CoV-FISH-06B_R1_48h_INF_00015,10,48h,Untreated
CoV-FISH-06B_R1_48h_INF_00016,7,48h,Untreated
CoV-FISH-06B_R1_48h_INF_00017,13,48h,Untreated
CoV-FISH-06B_R1_48h_INF_00018,8,48h,Untreated
CoV-FISH-06B_R1_48h_INF_00019,11,48h,Untreated
CoV-FISH-06B_R1_48h_INF_00020,12,48h,Untreated
CoV-FISH-06B_R2_48h_INF_00001,32,48h,Untreated
CoV-FISH-06B_R2_48h_INF_00002,19,48h,Untreated
CoV-FISH-06B_R2_48h_INF_00003,18,48h,Untreated
CoV-FISH-06B_R2_48h_INF_00004,12,48h,Untreated
CoV-FISH-06B_R2_48h_INF_00005,11,48h,Untreated
CoV-FISH-06B_R2_48h_INF_00006,14,48h,Untreated
CoV-FISH-06B_R2_48h_INF_00007,12,48h,Untreated
CoV-FISH-06B_R2_48h_INF_00008,5,48h,Untreated
CoV-FISH-06B_R2_48h_INF_00009,8,48h,Untreated
CoV-FISH-06B_R2_48h_INF_00010,16,48h,Untreated
CoV-FISH-06B_R2_48h_INF_00011,14,48h,Untreated
CoV-FISH-06B_R2_48h_INF_00012,10,48h,Untreated
CoV-FISH-06B_R2_48h_INF_00013,9,48h,Untreated
CoV-FISH-06B_R2_48h_INF_00014,22,48h,Untreated
CoV-FISH-06B_R2_48h_INF_00015,7,48h,Untreated
CoV-FISH-06B_R2_48h_INF_00016,14,48h,Untreated
CoV-FISH-06B_R2_48h_INF_00017,13,48h,Untreated
CoV-FISH-06B_R2_48h_INF_00018,20,48h,Untreated
CoV-FISH-06B_R2_48h_INF_00019,12,48h,Untreated
CoV-FISH-06B_R2_48h_INF_00020,9,48h,Untreated